{
  "root" : {
    "__class" : "RootNode",
    "children" : [
      {
        "__class" : "FrameNode",
        "aspectRatio" : null,
        "blendingEnabled" : 0,
        "blendingMode" : "normal",
        "borderBottom" : 1,
        "borderColor" : "hsl(299, 100%, 50%)",
        "borderEnabled" : -1,
        "borderLeft" : 1,
        "borderPerSide" : false,
        "borderRight" : 1,
        "borderStyle" : "solid",
        "borderTop" : 1,
        "borderWidth" : 1,
        "bottom" : null,
        "centerAnchorX" : 0,
        "centerAnchorY" : 0,
        "children" : [
          {
            "__class" : "CodeComponentNode",
            "aspectRatio" : null,
            "bottom" : null,
            "centerAnchorX" : 0.49893390191897652,
            "centerAnchorY" : 0.22935779816513763,
            "children" : [

            ],
            "clip" : true,
            "codeComponentIdentifier" : ".\/TopAppBarRow.tsx_TopAppBarRow",
            "codeComponentProps" : {
              "activeTopAppBarSectionsIndex" : 0,
              "externalTopAppBarSections" : [
                {
                  "enabled" : true,
                  "type" : "componentinstance",
                  "value" : "YuMaki3Zz"
                }
              ]
            },
            "codeOverrideEnabled" : false,
            "constraintsLocked" : false,
            "exportOptions" : [

            ],
            "fillColor" : "rgba(255,255,255,1)",
            "fillEnabled" : false,
            "fillGradient" : {
              "__class" : "LinearGradient",
              "alpha" : 1,
              "angle" : 0,
              "end" : "rgba(0,0,0,0)",
              "start" : "black"
            },
            "fillImage" : null,
            "fillImagePixelHeight" : null,
            "fillImagePixelWidth" : null,
            "fillImageResize" : "fill",
            "fillType" : "color",
            "height" : 62,
            "heightType" : 0,
            "id" : "xYpINMEnL",
            "intrinsicHeight" : null,
            "intrinsicWidth" : null,
            "left" : 27,
            "locked" : false,
            "name" : null,
            "opacity" : 1,
            "originalid" : null,
            "parentid" : "b4u6EcMGI",
            "radius" : 0,
            "radiusBottomLeft" : 0,
            "radiusBottomRight" : 0,
            "radiusIsRelative" : false,
            "radiusPerCorner" : false,
            "radiusTopLeft" : 0,
            "radiusTopRight" : 0,
            "right" : 28,
            "rotation" : 0,
            "top" : 19,
            "visible" : true,
            "width" : 414,
            "widthType" : 0
          },
          {
            "__class" : "CodeComponentNode",
            "aspectRatio" : null,
            "bottom" : 35,
            "centerAnchorX" : 0.49893390191897652,
            "centerAnchorY" : 0.69724770642201839,
            "children" : [

            ],
            "clip" : true,
            "codeComponentIdentifier" : ".\/TopAppBarRow.tsx_TopAppBarRow",
            "codeComponentProps" : {
              "activeTopAppBarSectionsIndex" : 0,
              "externalTopAppBarSections" : [
                {
                  "enabled" : true,
                  "type" : "componentinstance",
                  "value" : "BWSI0_W2g"
                }
              ]
            },
            "codeOverrideEnabled" : false,
            "constraintsLocked" : false,
            "exportOptions" : [

            ],
            "fillColor" : "rgba(255,255,255,1)",
            "fillEnabled" : false,
            "fillGradient" : {
              "__class" : "LinearGradient",
              "alpha" : 1,
              "angle" : 0,
              "end" : "rgba(0,0,0,0)",
              "start" : "black"
            },
            "fillImage" : null,
            "fillImagePixelHeight" : null,
            "fillImagePixelWidth" : null,
            "fillImageResize" : "fill",
            "fillType" : "color",
            "height" : 62,
            "heightType" : 0,
            "id" : "iqKrKUrcS",
            "intrinsicHeight" : null,
            "intrinsicWidth" : null,
            "left" : 27,
            "locked" : false,
            "name" : null,
            "opacity" : 1,
            "originalid" : null,
            "parentid" : "b4u6EcMGI",
            "radius" : 0,
            "radiusBottomLeft" : 0,
            "radiusBottomRight" : 0,
            "radiusIsRelative" : false,
            "radiusPerCorner" : false,
            "radiusTopLeft" : 0,
            "radiusTopRight" : 0,
            "right" : 28,
            "rotation" : 0,
            "top" : null,
            "visible" : true,
            "width" : 414,
            "widthType" : 0
          }
        ],
        "clip" : true,
        "codeOverrideEnabled" : false,
        "constraintsLocked" : false,
        "deviceType" : null,
        "exportOptions" : [

        ],
        "fillColor" : "hsl(0, 0%, 100%)",
        "fillEnabled" : true,
        "fillGradient" : {
          "__class" : "LinearGradient",
          "alpha" : 1,
          "angle" : 0,
          "end" : "rgba(0,0,0,0)",
          "start" : "black"
        },
        "fillImage" : null,
        "fillImagePixelHeight" : null,
        "fillImagePixelWidth" : null,
        "fillImageResize" : "fill",
        "fillType" : "color",
        "height" : 218,
        "heightType" : 0,
        "id" : "b4u6EcMGI",
        "intrinsicHeight" : null,
        "intrinsicWidth" : null,
        "isExternalMaster" : null,
        "isMaster" : false,
        "isTarget" : false,
        "left" : -172,
        "locked" : false,
        "name" : "Rows",
        "navigationTarget" : null,
        "navigationTransition" : "push",
        "navigationTransitionBackdropColor" : "rgba(4,4,15,.4)",
        "navigationTransitionDirection" : "left",
        "opacity" : 1,
        "originalid" : null,
        "parentid" : "iEDNh42Sf",
        "previewSettings" : null,
        "radius" : 0,
        "radiusBottomLeft" : 0,
        "radiusBottomRight" : 0,
        "radiusIsRelative" : false,
        "radiusPerCorner" : false,
        "radiusTopLeft" : 0,
        "radiusTopRight" : 0,
        "replicaInfo" : null,
        "right" : null,
        "rotation" : 0,
        "top" : 3614,
        "visible" : true,
        "width" : 469,
        "widthType" : 0
      },
      {
        "__class" : "FrameNode",
        "aspectRatio" : null,
        "blendingEnabled" : 0,
        "blendingMode" : "normal",
        "borderBottom" : 1,
        "borderColor" : "hsl(299, 100%, 50%)",
        "borderEnabled" : -1,
        "borderLeft" : 1,
        "borderPerSide" : false,
        "borderRight" : 1,
        "borderStyle" : "solid",
        "borderTop" : 1,
        "borderWidth" : 1,
        "bottom" : null,
        "centerAnchorX" : 0,
        "centerAnchorY" : 0,
        "children" : [
          {
            "__class" : "CodeComponentNode",
            "aspectRatio" : null,
            "bottom" : 69,
            "centerAnchorX" : 0.37971698113207547,
            "centerAnchorY" : 0.54816513761467889,
            "children" : [

            ],
            "clip" : true,
            "codeComponentIdentifier" : ".\/TopAppBarNavigationIcon.tsx_TopAppBarNavigationIcon",
            "codeComponentProps" : {
              "icon" : "menu"
            },
            "codeOverrideEnabled" : false,
            "constraintsLocked" : false,
            "exportOptions" : [

            ],
            "fillColor" : "rgba(255,255,255,1)",
            "fillEnabled" : false,
            "fillGradient" : {
              "__class" : "LinearGradient",
              "alpha" : 1,
              "angle" : 0,
              "end" : "rgba(0,0,0,0)",
              "start" : "black"
            },
            "fillImage" : null,
            "fillImagePixelHeight" : null,
            "fillImagePixelWidth" : null,
            "fillImageResize" : "fill",
            "fillType" : "color",
            "height" : 59,
            "heightType" : 0,
            "id" : "bUB2JuUhP",
            "intrinsicHeight" : null,
            "intrinsicWidth" : null,
            "left" : 55,
            "locked" : false,
            "name" : null,
            "opacity" : 1,
            "originalid" : null,
            "parentid" : "VSjTHiPnp",
            "radius" : 0,
            "radiusBottomLeft" : 0,
            "radiusBottomRight" : 0,
            "radiusIsRelative" : false,
            "radiusPerCorner" : false,
            "radiusTopLeft" : 0,
            "radiusTopRight" : 0,
            "right" : null,
            "rotation" : 0,
            "top" : null,
            "visible" : true,
            "width" : 51,
            "widthType" : 0
          },
          {
            "__class" : "CodeComponentNode",
            "aspectRatio" : null,
            "bottom" : null,
            "centerAnchorX" : 0.47877358490566035,
            "centerAnchorY" : 0.22935779816513763,
            "children" : [

            ],
            "clip" : true,
            "codeComponentIdentifier" : ".\/TopAppBarTitle.tsx_TopAppBarTitle",
            "codeComponentProps" : {
              "title" : "Header"
            },
            "codeOverrideEnabled" : false,
            "constraintsLocked" : false,
            "exportOptions" : [

            ],
            "fillColor" : "rgba(255,255,255,1)",
            "fillEnabled" : false,
            "fillGradient" : {
              "__class" : "LinearGradient",
              "alpha" : 1,
              "angle" : 0,
              "end" : "rgba(0,0,0,0)",
              "start" : "black"
            },
            "fillImage" : null,
            "fillImagePixelHeight" : null,
            "fillImagePixelWidth" : null,
            "fillImageResize" : "fill",
            "fillType" : "color",
            "height" : 42,
            "heightType" : 0,
            "id" : "xfQE4Txn8",
            "intrinsicHeight" : null,
            "intrinsicWidth" : null,
            "left" : 27,
            "locked" : false,
            "name" : null,
            "opacity" : 1,
            "originalid" : null,
            "parentid" : "VSjTHiPnp",
            "radius" : 0,
            "radiusBottomLeft" : 0,
            "radiusBottomRight" : 0,
            "radiusIsRelative" : false,
            "radiusPerCorner" : false,
            "radiusTopLeft" : 0,
            "radiusTopRight" : 0,
            "right" : 36,
            "rotation" : 0,
            "top" : 29,
            "visible" : true,
            "width" : 149,
            "widthType" : 0
          }
        ],
        "clip" : true,
        "codeOverrideEnabled" : false,
        "constraintsLocked" : false,
        "deviceType" : null,
        "exportOptions" : [

        ],
        "fillColor" : "hsl(0, 0%, 100%)",
        "fillEnabled" : true,
        "fillGradient" : {
          "__class" : "LinearGradient",
          "alpha" : 1,
          "angle" : 0,
          "end" : "rgba(0,0,0,0)",
          "start" : "black"
        },
        "fillImage" : null,
        "fillImagePixelHeight" : null,
        "fillImagePixelWidth" : null,
        "fillImageResize" : "fill",
        "fillType" : "color",
        "height" : 218,
        "heightType" : 0,
        "id" : "VSjTHiPnp",
        "intrinsicHeight" : null,
        "intrinsicWidth" : null,
        "isExternalMaster" : null,
        "isMaster" : false,
        "isTarget" : false,
        "left" : 719,
        "locked" : false,
        "name" : "Title, Icon",
        "navigationTarget" : null,
        "navigationTransition" : "push",
        "navigationTransitionBackdropColor" : "rgba(4,4,15,.4)",
        "navigationTransitionDirection" : "left",
        "opacity" : 1,
        "originalid" : null,
        "parentid" : "iEDNh42Sf",
        "previewSettings" : null,
        "radius" : 0,
        "radiusBottomLeft" : 0,
        "radiusBottomRight" : 0,
        "radiusIsRelative" : false,
        "radiusPerCorner" : false,
        "radiusTopLeft" : 0,
        "radiusTopRight" : 0,
        "replicaInfo" : null,
        "right" : null,
        "rotation" : 0,
        "top" : 3614,
        "visible" : true,
        "width" : 212,
        "widthType" : 0
      },
      {
        "__class" : "FrameNode",
        "aspectRatio" : null,
        "blendingEnabled" : 0,
        "blendingMode" : "normal",
        "borderBottom" : 1,
        "borderColor" : "hsl(299, 100%, 50%)",
        "borderEnabled" : -1,
        "borderLeft" : 1,
        "borderPerSide" : false,
        "borderRight" : 1,
        "borderStyle" : "solid",
        "borderTop" : 1,
        "borderWidth" : 1,
        "bottom" : null,
        "centerAnchorX" : 0.77122641509433965,
        "centerAnchorY" : 1.1238532110091743,
        "children" : [
          {
            "__class" : "CodeComponentNode",
            "aspectRatio" : null,
            "bottom" : null,
            "centerAnchorX" : 0.40273556231003038,
            "centerAnchorY" : 0.13247863247863248,
            "children" : [

            ],
            "clip" : true,
            "codeComponentIdentifier" : ".\/TopAppBarSection.tsx_TopAppBarSection",
            "codeComponentProps" : {
              "externalTopAppBarTitles" : [
                {
                  "enabled" : true,
                  "type" : "componentinstance",
                  "value" : "VSjTHiPnp"
                }
              ]
            },
            "codeOverrideEnabled" : false,
            "constraintsLocked" : false,
            "exportOptions" : [

            ],
            "fillColor" : "rgba(255,255,255,1)",
            "fillEnabled" : false,
            "fillGradient" : {
              "__class" : "LinearGradient",
              "alpha" : 1,
              "angle" : 0,
              "end" : "rgba(0,0,0,0)",
              "start" : "black"
            },
            "fillImage" : null,
            "fillImagePixelHeight" : null,
            "fillImagePixelWidth" : null,
            "fillImageResize" : "fill",
            "fillType" : "color",
            "height" : 66,
            "heightType" : 0,
            "id" : "O0o7WvghU",
            "intrinsicHeight" : null,
            "intrinsicWidth" : null,
            "left" : 26,
            "locked" : false,
            "name" : null,
            "opacity" : 1,
            "originalid" : null,
            "parentid" : "YuMaki3Zz",
            "radius" : 0,
            "radiusBottomLeft" : 0,
            "radiusBottomRight" : 0,
            "radiusIsRelative" : false,
            "radiusPerCorner" : false,
            "radiusTopLeft" : 0,
            "radiusTopRight" : 0,
            "right" : null,
            "rotation" : 0,
            "top" : 29,
            "visible" : true,
            "width" : 213,
            "widthType" : 0
          },
          {
            "__class" : "CodeComponentNode",
            "aspectRatio" : null,
            "bottom" : null,
            "centerAnchorX" : 0.49848024316109424,
            "centerAnchorY" : 0.33760683760683763,
            "children" : [

            ],
            "clip" : true,
            "codeComponentIdentifier" : ".\/TopAppBarSection.tsx_TopAppBarSection",
            "codeComponentProps" : {
              "alignEnd" : true,
              "alignStart" : false,
              "externalTopAppBarTitles" : [
                {
                  "enabled" : true,
                  "type" : "componentinstance",
                  "value" : "hXufiUFTh"
                }
              ]
            },
            "codeOverrideEnabled" : false,
            "constraintsLocked" : false,
            "exportOptions" : [

            ],
            "fillColor" : "rgba(255,255,255,1)",
            "fillEnabled" : false,
            "fillGradient" : {
              "__class" : "LinearGradient",
              "alpha" : 1,
              "angle" : 0,
              "end" : "rgba(0,0,0,0)",
              "start" : "black"
            },
            "fillImage" : null,
            "fillImagePixelHeight" : null,
            "fillImagePixelWidth" : null,
            "fillImageResize" : "fill",
            "fillType" : "color",
            "height" : 66,
            "heightType" : 0,
            "id" : "wAqUHJSnX",
            "intrinsicHeight" : null,
            "intrinsicWidth" : null,
            "left" : 31,
            "locked" : false,
            "name" : null,
            "opacity" : 1,
            "originalid" : null,
            "parentid" : "YuMaki3Zz",
            "radius" : 0,
            "radiusBottomLeft" : 0,
            "radiusBottomRight" : 0,
            "radiusIsRelative" : false,
            "radiusPerCorner" : false,
            "radiusTopLeft" : 0,
            "radiusTopRight" : 0,
            "right" : 32,
            "rotation" : 0,
            "top" : 125,
            "visible" : true,
            "width" : 266,
            "widthType" : 0
          }
        ],
        "clip" : true,
        "codeOverrideEnabled" : false,
        "constraintsLocked" : false,
        "deviceType" : null,
        "exportOptions" : [

        ],
        "fillColor" : "hsl(0, 0%, 100%)",
        "fillEnabled" : true,
        "fillGradient" : {
          "__class" : "LinearGradient",
          "alpha" : 1,
          "angle" : 0,
          "end" : "rgba(0,0,0,0)",
          "start" : "black"
        },
        "fillImage" : null,
        "fillImagePixelHeight" : null,
        "fillImagePixelWidth" : null,
        "fillImageResize" : "fill",
        "fillType" : "color",
        "height" : 241,
        "heightType" : 0,
        "id" : "YuMaki3Zz",
        "intrinsicHeight" : null,
        "intrinsicWidth" : null,
        "isExternalMaster" : null,
        "isMaster" : false,
        "isTarget" : false,
        "left" : 345,
        "locked" : false,
        "name" : "Sections",
        "navigationTarget" : null,
        "navigationTransition" : "push",
        "navigationTransitionBackdropColor" : "rgba(4,4,15,.4)",
        "navigationTransitionDirection" : "left",
        "opacity" : 1,
        "originalid" : null,
        "parentid" : "iEDNh42Sf",
        "previewSettings" : null,
        "radius" : 0,
        "radiusBottomLeft" : 0,
        "radiusBottomRight" : 0,
        "radiusIsRelative" : false,
        "radiusPerCorner" : false,
        "radiusTopLeft" : 0,
        "radiusTopRight" : 0,
        "replicaInfo" : null,
        "right" : null,
        "rotation" : 0,
        "top" : 3614,
        "visible" : true,
        "width" : 329,
        "widthType" : 0
      },
      {
        "__class" : "FrameNode",
        "aspectRatio" : null,
        "blendingEnabled" : 0,
        "blendingMode" : "normal",
        "borderBottom" : 1,
        "borderColor" : "hsl(299, 100%, 50%)",
        "borderEnabled" : -1,
        "borderLeft" : 1,
        "borderPerSide" : false,
        "borderRight" : 1,
        "borderStyle" : "solid",
        "borderTop" : 1,
        "borderWidth" : 1,
        "bottom" : null,
        "centerAnchorX" : 0.5,
        "centerAnchorY" : 1.4449541284403671,
        "children" : [
          {
            "__class" : "CodeComponentNode",
            "aspectRatio" : null,
            "bottom" : null,
            "centerAnchorX" : 0.31839622641509435,
            "centerAnchorY" : 0.25229357798165136,
            "children" : [

            ],
            "clip" : true,
            "codeComponentIdentifier" : ".\/TopAppBarActionItem.tsx_TopAppBarActionItem",
            "codeComponentProps" : {
              "icon" : "star"
            },
            "codeOverrideEnabled" : false,
            "constraintsLocked" : false,
            "exportOptions" : [

            ],
            "fillColor" : "rgba(255,255,255,1)",
            "fillEnabled" : false,
            "fillGradient" : {
              "__class" : "LinearGradient",
              "alpha" : 1,
              "angle" : 0,
              "end" : "rgba(0,0,0,0)",
              "start" : "black"
            },
            "fillImage" : null,
            "fillImagePixelHeight" : null,
            "fillImagePixelWidth" : null,
            "fillImageResize" : "fill",
            "fillType" : "color",
            "height" : 44,
            "heightType" : 0,
            "id" : "pfLXKYnNb",
            "intrinsicHeight" : null,
            "intrinsicWidth" : null,
            "left" : 43,
            "locked" : false,
            "name" : null,
            "opacity" : 1,
            "originalid" : null,
            "parentid" : "hXufiUFTh",
            "radius" : 0,
            "radiusBottomLeft" : 0,
            "radiusBottomRight" : 0,
            "radiusIsRelative" : false,
            "radiusPerCorner" : false,
            "radiusTopLeft" : 0,
            "radiusTopRight" : 0,
            "right" : null,
            "rotation" : 0,
            "top" : 33,
            "visible" : true,
            "width" : 49,
            "widthType" : 0
          },
          {
            "__class" : "CodeComponentNode",
            "aspectRatio" : null,
            "bottom" : null,
            "centerAnchorX" : 0.31839622641509435,
            "centerAnchorY" : 0.5,
            "children" : [

            ],
            "clip" : true,
            "codeComponentIdentifier" : ".\/TopAppBarActionItem.tsx_TopAppBarActionItem",
            "codeComponentProps" : {
              "icon" : "more"
            },
            "codeOverrideEnabled" : false,
            "constraintsLocked" : false,
            "exportOptions" : [

            ],
            "fillColor" : "rgba(255,255,255,1)",
            "fillEnabled" : false,
            "fillGradient" : {
              "__class" : "LinearGradient",
              "alpha" : 1,
              "angle" : 0,
              "end" : "rgba(0,0,0,0)",
              "start" : "black"
            },
            "fillImage" : null,
            "fillImagePixelHeight" : null,
            "fillImagePixelWidth" : null,
            "fillImageResize" : "fill",
            "fillType" : "color",
            "height" : 44,
            "heightType" : 0,
            "id" : "J3KEIbpPf",
            "intrinsicHeight" : null,
            "intrinsicWidth" : null,
            "left" : 43,
            "locked" : false,
            "name" : null,
            "opacity" : 1,
            "originalid" : null,
            "parentid" : "hXufiUFTh",
            "radius" : 0,
            "radiusBottomLeft" : 0,
            "radiusBottomRight" : 0,
            "radiusIsRelative" : false,
            "radiusPerCorner" : false,
            "radiusTopLeft" : 0,
            "radiusTopRight" : 0,
            "right" : null,
            "rotation" : 0,
            "top" : null,
            "visible" : true,
            "width" : 49,
            "widthType" : 0
          },
          {
            "__class" : "CodeComponentNode",
            "aspectRatio" : null,
            "bottom" : 33,
            "centerAnchorX" : 0.31839622641509435,
            "centerAnchorY" : 0.74770642201834858,
            "children" : [

            ],
            "clip" : true,
            "codeComponentIdentifier" : ".\/TopAppBarActionItem.tsx_TopAppBarActionItem",
            "codeComponentProps" : {
              "icon" : "home"
            },
            "codeOverrideEnabled" : false,
            "constraintsLocked" : false,
            "exportOptions" : [

            ],
            "fillColor" : "rgba(255,255,255,1)",
            "fillEnabled" : false,
            "fillGradient" : {
              "__class" : "LinearGradient",
              "alpha" : 1,
              "angle" : 0,
              "end" : "rgba(0,0,0,0)",
              "start" : "black"
            },
            "fillImage" : null,
            "fillImagePixelHeight" : null,
            "fillImagePixelWidth" : null,
            "fillImageResize" : "fill",
            "fillType" : "color",
            "height" : 44,
            "heightType" : 0,
            "id" : "pJv4MrNZ_",
            "intrinsicHeight" : null,
            "intrinsicWidth" : null,
            "left" : 43,
            "locked" : false,
            "name" : null,
            "opacity" : 1,
            "originalid" : null,
            "parentid" : "hXufiUFTh",
            "radius" : 0,
            "radiusBottomLeft" : 0,
            "radiusBottomRight" : 0,
            "radiusIsRelative" : false,
            "radiusPerCorner" : false,
            "radiusTopLeft" : 0,
            "radiusTopRight" : 0,
            "right" : null,
            "rotation" : 0,
            "top" : null,
            "visible" : true,
            "width" : 49,
            "widthType" : 0
          }
        ],
        "clip" : true,
        "codeOverrideEnabled" : false,
        "constraintsLocked" : false,
        "deviceType" : null,
        "exportOptions" : [

        ],
        "fillColor" : "hsl(0, 0%, 100%)",
        "fillEnabled" : true,
        "fillGradient" : {
          "__class" : "LinearGradient",
          "alpha" : 1,
          "angle" : 0,
          "end" : "rgba(0,0,0,0)",
          "start" : "black"
        },
        "fillImage" : null,
        "fillImagePixelHeight" : null,
        "fillImagePixelWidth" : null,
        "fillImageResize" : "fill",
        "fillType" : "color",
        "height" : 218,
        "heightType" : 0,
        "id" : "hXufiUFTh",
        "intrinsicHeight" : null,
        "intrinsicWidth" : null,
        "isExternalMaster" : null,
        "isMaster" : false,
        "isTarget" : false,
        "left" : 719,
        "locked" : false,
        "name" : "Title, Icon",
        "navigationTarget" : null,
        "navigationTransition" : "push",
        "navigationTransitionBackdropColor" : "rgba(4,4,15,.4)",
        "navigationTransitionDirection" : "left",
        "opacity" : 1,
        "originalid" : null,
        "parentid" : "iEDNh42Sf",
        "previewSettings" : null,
        "radius" : 0,
        "radiusBottomLeft" : 0,
        "radiusBottomRight" : 0,
        "radiusIsRelative" : false,
        "radiusPerCorner" : false,
        "radiusTopLeft" : 0,
        "radiusTopRight" : 0,
        "replicaInfo" : null,
        "right" : null,
        "rotation" : 0,
        "top" : 3864,
        "visible" : true,
        "width" : 212,
        "widthType" : 0
      },
      {
        "__class" : "FrameNode",
        "aspectRatio" : null,
        "blendingEnabled" : 0,
        "blendingMode" : "normal",
        "borderBottom" : 1,
        "borderColor" : "hsl(299, 100%, 50%)",
        "borderEnabled" : -1,
        "borderLeft" : 1,
        "borderPerSide" : false,
        "borderRight" : 1,
        "borderStyle" : "solid",
        "borderTop" : 1,
        "borderWidth" : 1,
        "bottom" : null,
        "centerAnchorX" : 0.60942249240121582,
        "centerAnchorY" : 1.3888888888888888,
        "children" : [
          {
            "__class" : "CodeComponentNode",
            "aspectRatio" : null,
            "bottom" : null,
            "centerAnchorX" : 0.40273556231003038,
            "centerAnchorY" : 0.13247863247863248,
            "children" : [

            ],
            "clip" : true,
            "codeComponentIdentifier" : ".\/TopAppBarSection.tsx_TopAppBarSection",
            "codeComponentProps" : {
              "externalTopAppBarTitles" : [
                {
                  "enabled" : true,
                  "type" : "componentinstance",
                  "value" : "gypt5t7ov"
                }
              ]
            },
            "codeOverrideEnabled" : false,
            "constraintsLocked" : false,
            "exportOptions" : [

            ],
            "fillColor" : "rgba(255,255,255,1)",
            "fillEnabled" : false,
            "fillGradient" : {
              "__class" : "LinearGradient",
              "alpha" : 1,
              "angle" : 0,
              "end" : "rgba(0,0,0,0)",
              "start" : "black"
            },
            "fillImage" : null,
            "fillImagePixelHeight" : null,
            "fillImagePixelWidth" : null,
            "fillImageResize" : "fill",
            "fillType" : "color",
            "height" : 66,
            "heightType" : 0,
            "id" : "aUOn9AeWP",
            "intrinsicHeight" : null,
            "intrinsicWidth" : null,
            "left" : 26,
            "locked" : false,
            "name" : null,
            "opacity" : 1,
            "originalid" : null,
            "parentid" : "BWSI0_W2g",
            "radius" : 0,
            "radiusBottomLeft" : 0,
            "radiusBottomRight" : 0,
            "radiusIsRelative" : false,
            "radiusPerCorner" : false,
            "radiusTopLeft" : 0,
            "radiusTopRight" : 0,
            "right" : null,
            "rotation" : 0,
            "top" : 29,
            "visible" : true,
            "width" : 213,
            "widthType" : 0
          }
        ],
        "clip" : true,
        "codeOverrideEnabled" : false,
        "constraintsLocked" : false,
        "deviceType" : null,
        "exportOptions" : [

        ],
        "fillColor" : "hsl(0, 0%, 100%)",
        "fillEnabled" : true,
        "fillGradient" : {
          "__class" : "LinearGradient",
          "alpha" : 1,
          "angle" : 0,
          "end" : "rgba(0,0,0,0)",
          "start" : "black"
        },
        "fillImage" : null,
        "fillImagePixelHeight" : null,
        "fillImagePixelWidth" : null,
        "fillImageResize" : "fill",
        "fillType" : "color",
        "height" : 109,
        "heightType" : 0,
        "id" : "BWSI0_W2g",
        "intrinsicHeight" : null,
        "intrinsicWidth" : null,
        "isExternalMaster" : null,
        "isMaster" : false,
        "isTarget" : false,
        "left" : 345,
        "locked" : false,
        "name" : "Sections",
        "navigationTarget" : null,
        "navigationTransition" : "push",
        "navigationTransitionBackdropColor" : "rgba(4,4,15,.4)",
        "navigationTransitionDirection" : "left",
        "opacity" : 1,
        "originalid" : null,
        "parentid" : "iEDNh42Sf",
        "previewSettings" : null,
        "radius" : 0,
        "radiusBottomLeft" : 0,
        "radiusBottomRight" : 0,
        "radiusIsRelative" : false,
        "radiusPerCorner" : false,
        "radiusTopLeft" : 0,
        "radiusTopRight" : 0,
        "replicaInfo" : null,
        "right" : null,
        "rotation" : 0,
        "top" : 4156,
        "visible" : true,
        "width" : 329,
        "widthType" : 0
      },
      {
        "__class" : "FrameNode",
        "aspectRatio" : null,
        "blendingEnabled" : 0,
        "blendingMode" : "normal",
        "borderBottom" : 1,
        "borderColor" : "hsl(299, 100%, 50%)",
        "borderEnabled" : -1,
        "borderLeft" : 1,
        "borderPerSide" : false,
        "borderRight" : 1,
        "borderStyle" : "solid",
        "borderTop" : 1,
        "borderWidth" : 1,
        "bottom" : null,
        "centerAnchorX" : 0.5,
        "centerAnchorY" : 1.4816513761467891,
        "children" : [
          {
            "__class" : "CodeComponentNode",
            "aspectRatio" : null,
            "bottom" : null,
            "centerAnchorX" : 0.47877358490566035,
            "centerAnchorY" : 0.22935779816513763,
            "children" : [

            ],
            "clip" : true,
            "codeComponentIdentifier" : ".\/TopAppBarTitle.tsx_TopAppBarTitle",
            "codeComponentProps" : {
              "title" : "Another Row"
            },
            "codeOverrideEnabled" : false,
            "constraintsLocked" : false,
            "exportOptions" : [

            ],
            "fillColor" : "rgba(255,255,255,1)",
            "fillEnabled" : false,
            "fillGradient" : {
              "__class" : "LinearGradient",
              "alpha" : 1,
              "angle" : 0,
              "end" : "rgba(0,0,0,0)",
              "start" : "black"
            },
            "fillImage" : null,
            "fillImagePixelHeight" : null,
            "fillImagePixelWidth" : null,
            "fillImageResize" : "fill",
            "fillType" : "color",
            "height" : 42,
            "heightType" : 0,
            "id" : "YaykFjezH",
            "intrinsicHeight" : null,
            "intrinsicWidth" : null,
            "left" : 27,
            "locked" : false,
            "name" : null,
            "opacity" : 1,
            "originalid" : null,
            "parentid" : "gypt5t7ov",
            "radius" : 0,
            "radiusBottomLeft" : 0,
            "radiusBottomRight" : 0,
            "radiusIsRelative" : false,
            "radiusPerCorner" : false,
            "radiusTopLeft" : 0,
            "radiusTopRight" : 0,
            "right" : 36,
            "rotation" : 0,
            "top" : 29,
            "visible" : true,
            "width" : 149,
            "widthType" : 0
          }
        ],
        "clip" : true,
        "codeOverrideEnabled" : false,
        "constraintsLocked" : false,
        "deviceType" : null,
        "exportOptions" : [

        ],
        "fillColor" : "hsl(0, 0%, 100%)",
        "fillEnabled" : true,
        "fillGradient" : {
          "__class" : "LinearGradient",
          "alpha" : 1,
          "angle" : 0,
          "end" : "rgba(0,0,0,0)",
          "start" : "black"
        },
        "fillImage" : null,
        "fillImagePixelHeight" : null,
        "fillImagePixelWidth" : null,
        "fillImageResize" : "fill",
        "fillType" : "color",
        "height" : 218,
        "heightType" : 0,
        "id" : "gypt5t7ov",
        "intrinsicHeight" : null,
        "intrinsicWidth" : null,
        "isExternalMaster" : null,
        "isMaster" : false,
        "isTarget" : false,
        "left" : 719,
        "locked" : false,
        "name" : "Title, Icon",
        "navigationTarget" : null,
        "navigationTransition" : "push",
        "navigationTransitionBackdropColor" : "rgba(4,4,15,.4)",
        "navigationTransitionDirection" : "left",
        "opacity" : 1,
        "originalid" : null,
        "parentid" : "iEDNh42Sf",
        "previewSettings" : null,
        "radius" : 0,
        "radiusBottomLeft" : 0,
        "radiusBottomRight" : 0,
        "radiusIsRelative" : false,
        "radiusPerCorner" : false,
        "radiusTopLeft" : 0,
        "radiusTopRight" : 0,
        "replicaInfo" : null,
        "right" : null,
        "rotation" : 0,
        "top" : 4156,
        "visible" : true,
        "width" : 212,
        "widthType" : 0
      },
      {
        "__class" : "CodeComponentNode",
        "aspectRatio" : null,
        "bottom" : null,
        "centerAnchorX" : 0.5,
        "centerAnchorY" : 0.6214392803598201,
        "children" : [

        ],
        "clip" : true,
        "codeComponentIdentifier" : ".\/ScrollMe.tsx_ScrollMe",
        "codeComponentProps" : {

        },
        "codeOverrideEnabled" : false,
        "constraintsLocked" : false,
        "exportOptions" : [

        ],
        "fillColor" : "rgba(255,255,255,1)",
        "fillEnabled" : false,
        "fillGradient" : {
          "__class" : "LinearGradient",
          "alpha" : 1,
          "angle" : 0,
          "end" : "rgba(0,0,0,0)",
          "start" : "black"
        },
        "fillImage" : null,
        "fillImagePixelHeight" : null,
        "fillImagePixelWidth" : null,
        "fillImageResize" : "fill",
        "fillType" : "color",
        "height" : 149,
        "heightType" : 0,
        "id" : "xfyyU2OIL",
        "intrinsicHeight" : null,
        "intrinsicWidth" : null,
        "left" : -605,
        "locked" : false,
        "name" : null,
        "opacity" : 1,
        "originalid" : null,
        "parentid" : "iEDNh42Sf",
        "radius" : 0,
        "radiusBottomLeft" : 0,
        "radiusBottomRight" : 0,
        "radiusIsRelative" : false,
        "radiusPerCorner" : false,
        "radiusTopLeft" : 0,
        "radiusTopRight" : 0,
        "right" : null,
        "rotation" : 0,
        "top" : 4023,
        "visible" : true,
        "width" : 375,
        "widthType" : 0
      },
      {
        "__class" : "CodeComponentNode",
        "aspectRatio" : null,
        "bottom" : null,
        "centerAnchorX" : 0.32933333333333331,
        "centerAnchorY" : 0.14392803598200898,
        "children" : [

        ],
        "clip" : true,
        "codeComponentIdentifier" : ".\/TopAppBarFixedAdjust.tsx_TopAppBarFixedAdjust",
        "codeComponentProps" : {

        },
        "codeOverrideEnabled" : false,
        "constraintsLocked" : false,
        "exportOptions" : [

        ],
        "fillColor" : "rgba(255,255,255,1)",
        "fillEnabled" : false,
        "fillGradient" : {
          "__class" : "LinearGradient",
          "alpha" : 1,
          "angle" : 0,
          "end" : "rgba(0,0,0,0)",
          "start" : "black"
        },
        "fillImage" : null,
        "fillImagePixelHeight" : null,
        "fillImagePixelWidth" : null,
        "fillImageResize" : "fill",
        "fillType" : "color",
        "height" : 64,
        "heightType" : 0,
        "id" : "sfWoa4pGw",
        "intrinsicHeight" : null,
        "intrinsicWidth" : null,
        "left" : -595,
        "locked" : false,
        "name" : null,
        "opacity" : 1,
        "originalid" : null,
        "parentid" : "iEDNh42Sf",
        "radius" : 0,
        "radiusBottomLeft" : 0,
        "radiusBottomRight" : 0,
        "radiusIsRelative" : false,
        "radiusPerCorner" : false,
        "radiusTopLeft" : 0,
        "radiusTopRight" : 0,
        "right" : null,
        "rotation" : 0,
        "top" : 3918,
        "visible" : true,
        "width" : 375,
        "widthType" : 0
      },
      {
        "__class" : "CodeComponentNode",
        "aspectRatio" : null,
        "bottom" : null,
        "centerAnchorX" : 1.228,
        "centerAnchorY" : 0.019626168224299065,
        "children" : [

        ],
        "clip" : true,
        "codeComponentIdentifier" : ".\/TopAppBar.tsx_TopAppBar",
        "codeComponentProps" : {
          "activeTopAppBarRowsIndex" : 0,
          "externalTopAppBarRows" : [
            {
              "enabled" : true,
              "type" : "componentinstance",
              "value" : "b4u6EcMGI"
            }
          ],
          "fixed" : false,
          "fixedLastrowOnly" : false,
          "flexible" : false,
          "waterfall" : false
        },
        "codeOverrideEnabled" : false,
        "constraintsLocked" : false,
        "exportOptions" : [

        ],
        "fillColor" : "rgba(255,255,255,1)",
        "fillEnabled" : false,
        "fillGradient" : {
          "__class" : "LinearGradient",
          "alpha" : 1,
          "angle" : 0,
          "end" : "rgba(0,0,0,0)",
          "start" : "black"
        },
        "fillImage" : null,
        "fillImagePixelHeight" : null,
        "fillImagePixelWidth" : null,
        "fillImageResize" : "fill",
        "fillType" : "color",
        "height" : 64,
        "heightType" : 0,
        "id" : "RrLyvVzft",
        "intrinsicHeight" : null,
        "intrinsicWidth" : null,
        "left" : -595,
        "locked" : false,
        "name" : null,
        "opacity" : 1,
        "originalid" : null,
        "parentid" : "iEDNh42Sf",
        "radius" : 0,
        "radiusBottomLeft" : 0,
        "radiusBottomRight" : 0,
        "radiusIsRelative" : false,
        "radiusPerCorner" : false,
        "radiusTopLeft" : 0,
        "radiusTopRight" : 0,
        "right" : null,
        "rotation" : 0,
        "top" : 3614,
        "visible" : true,
        "width" : 375,
        "widthType" : 0
      }
    ],
    "id" : "iEDNh42Sf",
    "name" : null,
    "originalid" : null,
    "parentid" : null,
    "visible" : false
  },
  "version" : 48
}