{
  "root" : {
    "__class" : "RootNode",
    "children" : [
      {
        "__class" : "CodeComponentNode",
        "aspectRatio" : null,
        "bottom" : null,
        "centerAnchorX" : 0,
        "centerAnchorY" : 0,
        "children" : [

        ],
        "clip" : true,
        "codeComponentIdentifier" : ".\/TopAppBar.tsx_TopAppBar",
        "codeComponentProps" : {
          "activeTopAppBarRowsIndex" : 0,
          "externalTopAppBarRows" : [
            {
              "enabled" : true,
              "type" : "componentinstance",
              "value" : "YuMaki3Zz"
            }
          ]
        },
        "codeOverrideEnabled" : false,
        "constraintsLocked" : false,
        "exportOptions" : [

        ],
        "fillColor" : "rgba(255,255,255,1)",
        "fillEnabled" : false,
        "fillGradient" : {
          "__class" : "LinearGradient",
          "alpha" : 1,
          "angle" : 0,
          "end" : "rgba(0,0,0,0)",
          "start" : "black"
        },
        "fillImage" : null,
        "fillImagePixelHeight" : null,
        "fillImagePixelWidth" : null,
        "fillImageResize" : "fill",
        "fillType" : "color",
        "height" : 200,
        "heightType" : 0,
        "id" : "RrLyvVzft",
        "intrinsicHeight" : null,
        "intrinsicWidth" : null,
        "left" : -528,
        "locked" : false,
        "name" : null,
        "opacity" : 1,
        "originalid" : null,
        "parentid" : "iEDNh42Sf",
        "radius" : 0,
        "radiusBottomLeft" : 0,
        "radiusBottomRight" : 0,
        "radiusIsRelative" : false,
        "radiusPerCorner" : false,
        "radiusTopLeft" : 0,
        "radiusTopRight" : 0,
        "right" : null,
        "rotation" : 0,
        "top" : 3669,
        "visible" : true,
        "width" : 200,
        "widthType" : 0
      },
      {
        "__class" : "FrameNode",
        "aspectRatio" : null,
        "blendingEnabled" : 0,
        "blendingMode" : "normal",
        "borderBottom" : 1,
        "borderColor" : "hsl(299, 100%, 50%)",
        "borderEnabled" : 1,
        "borderLeft" : 1,
        "borderPerSide" : false,
        "borderRight" : 1,
        "borderStyle" : "solid",
        "borderTop" : 1,
        "borderWidth" : 1,
        "bottom" : null,
        "centerAnchorX" : 0,
        "centerAnchorY" : 0,
        "children" : [

        ],
        "clip" : true,
        "codeOverrideEnabled" : false,
        "constraintsLocked" : false,
        "deviceType" : null,
        "exportOptions" : [

        ],
        "fillColor" : "rgba(251, 0, 255, 0.1)",
        "fillEnabled" : true,
        "fillGradient" : {
          "__class" : "LinearGradient",
          "alpha" : 1,
          "angle" : 0,
          "end" : "rgba(0,0,0,0)",
          "start" : "black"
        },
        "fillImage" : null,
        "fillImagePixelHeight" : null,
        "fillImagePixelWidth" : null,
        "fillImageResize" : "fill",
        "fillType" : "color",
        "height" : 218,
        "heightType" : 0,
        "id" : "b4u6EcMGI",
        "intrinsicHeight" : null,
        "intrinsicWidth" : null,
        "isExternalMaster" : null,
        "isMaster" : false,
        "isTarget" : false,
        "left" : 204,
        "locked" : false,
        "name" : "Rows",
        "navigationTarget" : null,
        "navigationTransition" : "push",
        "navigationTransitionBackdropColor" : "rgba(4,4,15,.4)",
        "navigationTransitionDirection" : "left",
        "opacity" : 1,
        "originalid" : null,
        "parentid" : "iEDNh42Sf",
        "previewSettings" : null,
        "radius" : 0,
        "radiusBottomLeft" : 0,
        "radiusBottomRight" : 0,
        "radiusIsRelative" : false,
        "radiusPerCorner" : false,
        "radiusTopLeft" : 0,
        "radiusTopRight" : 0,
        "replicaInfo" : null,
        "right" : null,
        "rotation" : 0,
        "top" : 3660,
        "visible" : true,
        "width" : 212,
        "widthType" : 0
      },
      {
        "__class" : "FrameNode",
        "aspectRatio" : null,
        "blendingEnabled" : 0,
        "blendingMode" : "normal",
        "borderBottom" : 1,
        "borderColor" : "hsl(299, 100%, 50%)",
        "borderEnabled" : 1,
        "borderLeft" : 1,
        "borderPerSide" : false,
        "borderRight" : 1,
        "borderStyle" : "solid",
        "borderTop" : 1,
        "borderWidth" : 1,
        "bottom" : null,
        "centerAnchorX" : 0,
        "centerAnchorY" : 0,
        "children" : [

        ],
        "clip" : true,
        "codeOverrideEnabled" : false,
        "constraintsLocked" : false,
        "deviceType" : null,
        "exportOptions" : [

        ],
        "fillColor" : "rgba(251, 0, 255, 0.1)",
        "fillEnabled" : true,
        "fillGradient" : {
          "__class" : "LinearGradient",
          "alpha" : 1,
          "angle" : 0,
          "end" : "rgba(0,0,0,0)",
          "start" : "black"
        },
        "fillImage" : null,
        "fillImagePixelHeight" : null,
        "fillImagePixelWidth" : null,
        "fillImageResize" : "fill",
        "fillType" : "color",
        "height" : 218,
        "heightType" : 0,
        "id" : "VSjTHiPnp",
        "intrinsicHeight" : null,
        "intrinsicWidth" : null,
        "isExternalMaster" : null,
        "isMaster" : false,
        "isTarget" : false,
        "left" : 453,
        "locked" : false,
        "name" : "Row",
        "navigationTarget" : null,
        "navigationTransition" : "push",
        "navigationTransitionBackdropColor" : "rgba(4,4,15,.4)",
        "navigationTransitionDirection" : "left",
        "opacity" : 1,
        "originalid" : null,
        "parentid" : "iEDNh42Sf",
        "previewSettings" : null,
        "radius" : 0,
        "radiusBottomLeft" : 0,
        "radiusBottomRight" : 0,
        "radiusIsRelative" : false,
        "radiusPerCorner" : false,
        "radiusTopLeft" : 0,
        "radiusTopRight" : 0,
        "replicaInfo" : null,
        "right" : null,
        "rotation" : 0,
        "top" : 3660,
        "visible" : true,
        "width" : 212,
        "widthType" : 0
      },
      {
        "__class" : "FrameNode",
        "aspectRatio" : null,
        "blendingEnabled" : 0,
        "blendingMode" : "normal",
        "borderBottom" : 1,
        "borderColor" : "hsl(299, 100%, 50%)",
        "borderEnabled" : 1,
        "borderLeft" : 1,
        "borderPerSide" : false,
        "borderRight" : 1,
        "borderStyle" : "solid",
        "borderTop" : 1,
        "borderWidth" : 1,
        "bottom" : null,
        "centerAnchorX" : 0.77122641509433965,
        "centerAnchorY" : 1.1238532110091743,
        "children" : [
          {
            "__class" : "CodeComponentNode",
            "aspectRatio" : null,
            "bottom" : null,
            "centerAnchorX" : 0.41793313069908816,
            "centerAnchorY" : 0.13675213675213677,
            "children" : [

            ],
            "clip" : true,
            "codeComponentIdentifier" : ".\/TopAppBarSection.tsx_TopAppBarSection",
            "codeComponentProps" : {
              "externalTopAppBarSection" : [
                {
                  "enabled" : true,
                  "type" : "componentinstance",
                  "value" : "b4u6EcMGI"
                }
              ]
            },
            "codeOverrideEnabled" : false,
            "constraintsLocked" : false,
            "exportOptions" : [

            ],
            "fillColor" : "rgba(255,255,255,1)",
            "fillEnabled" : false,
            "fillGradient" : {
              "__class" : "LinearGradient",
              "alpha" : 1,
              "angle" : 0,
              "end" : "rgba(0,0,0,0)",
              "start" : "black"
            },
            "fillImage" : null,
            "fillImagePixelHeight" : null,
            "fillImagePixelWidth" : null,
            "fillImageResize" : "fill",
            "fillType" : "color",
            "height" : 66,
            "heightType" : 0,
            "id" : "O0o7WvghU",
            "intrinsicHeight" : null,
            "intrinsicWidth" : null,
            "left" : 31,
            "locked" : false,
            "name" : null,
            "opacity" : 1,
            "originalid" : null,
            "parentid" : "YuMaki3Zz",
            "radius" : 0,
            "radiusBottomLeft" : 0,
            "radiusBottomRight" : 0,
            "radiusIsRelative" : false,
            "radiusPerCorner" : false,
            "radiusTopLeft" : 0,
            "radiusTopRight" : 0,
            "right" : null,
            "rotation" : 0,
            "top" : 31,
            "visible" : true,
            "width" : 213,
            "widthType" : 0
          }
        ],
        "clip" : true,
        "codeOverrideEnabled" : false,
        "constraintsLocked" : false,
        "deviceType" : null,
        "exportOptions" : [

        ],
        "fillColor" : "rgba(251, 0, 255, 0.1)",
        "fillEnabled" : true,
        "fillGradient" : {
          "__class" : "LinearGradient",
          "alpha" : 1,
          "angle" : 0,
          "end" : "rgba(0,0,0,0)",
          "start" : "black"
        },
        "fillImage" : null,
        "fillImagePixelHeight" : null,
        "fillImagePixelWidth" : null,
        "fillImageResize" : "fill",
        "fillType" : "color",
        "height" : 468,
        "heightType" : 0,
        "id" : "YuMaki3Zz",
        "intrinsicHeight" : null,
        "intrinsicWidth" : null,
        "isExternalMaster" : null,
        "isMaster" : false,
        "isTarget" : false,
        "left" : -162,
        "locked" : false,
        "name" : "Sections",
        "navigationTarget" : null,
        "navigationTransition" : "push",
        "navigationTransitionBackdropColor" : "rgba(4,4,15,.4)",
        "navigationTransitionDirection" : "left",
        "opacity" : 1,
        "originalid" : null,
        "parentid" : "iEDNh42Sf",
        "previewSettings" : null,
        "radius" : 0,
        "radiusBottomLeft" : 0,
        "radiusBottomRight" : 0,
        "radiusIsRelative" : false,
        "radiusPerCorner" : false,
        "radiusTopLeft" : 0,
        "radiusTopRight" : 0,
        "replicaInfo" : null,
        "right" : null,
        "rotation" : 0,
        "top" : 3660,
        "visible" : true,
        "width" : 329,
        "widthType" : 0
      },
      {
        "__class" : "CodeComponentNode",
        "aspectRatio" : null,
        "bottom" : null,
        "centerAnchorX" : 0,
        "centerAnchorY" : 0,
        "children" : [

        ],
        "clip" : true,
        "codeComponentIdentifier" : ".\/TopAppBarTitle.tsx_TopAppBarTitle",
        "codeComponentProps" : {
          "title" : "Title"
        },
        "codeOverrideEnabled" : false,
        "constraintsLocked" : false,
        "exportOptions" : [

        ],
        "fillColor" : "rgba(255,255,255,1)",
        "fillEnabled" : false,
        "fillGradient" : {
          "__class" : "LinearGradient",
          "alpha" : 1,
          "angle" : 0,
          "end" : "rgba(0,0,0,0)",
          "start" : "black"
        },
        "fillImage" : null,
        "fillImagePixelHeight" : null,
        "fillImagePixelWidth" : null,
        "fillImageResize" : "fill",
        "fillType" : "color",
        "height" : 200,
        "heightType" : 0,
        "id" : "xfQE4Txn8",
        "intrinsicHeight" : null,
        "intrinsicWidth" : null,
        "left" : 453,
        "locked" : false,
        "name" : null,
        "opacity" : 1,
        "originalid" : null,
        "parentid" : "iEDNh42Sf",
        "radius" : 0,
        "radiusBottomLeft" : 0,
        "radiusBottomRight" : 0,
        "radiusIsRelative" : false,
        "radiusPerCorner" : false,
        "radiusTopLeft" : 0,
        "radiusTopRight" : 0,
        "right" : null,
        "rotation" : 0,
        "top" : 3401,
        "visible" : true,
        "width" : 200,
        "widthType" : 0
      },
      {
        "__class" : "CodeComponentNode",
        "aspectRatio" : null,
        "bottom" : null,
        "centerAnchorX" : 0.52830188679245282,
        "centerAnchorY" : 0.050458715596330278,
        "children" : [

        ],
        "clip" : true,
        "codeComponentIdentifier" : ".\/TopAppBarRow.tsx_TopAppBarRow",
        "codeComponentProps" : {
          "externalToolbarTitles" : [
            {
              "enabled" : true,
              "type" : "componentinstance",
              "value" : "WTUkjkBIB"
            }
          ]
        },
        "codeOverrideEnabled" : false,
        "constraintsLocked" : false,
        "exportOptions" : [

        ],
        "fillColor" : "rgba(255,255,255,1)",
        "fillEnabled" : false,
        "fillGradient" : {
          "__class" : "LinearGradient",
          "alpha" : 1,
          "angle" : 0,
          "end" : "rgba(0,0,0,0)",
          "start" : "black"
        },
        "fillImage" : null,
        "fillImagePixelHeight" : null,
        "fillImagePixelWidth" : null,
        "fillImageResize" : "fill",
        "fillType" : "color",
        "height" : 48,
        "heightType" : 0,
        "id" : "Rv_YMxbT4",
        "intrinsicHeight" : 48,
        "intrinsicWidth" : 150,
        "left" : 194,
        "locked" : false,
        "name" : null,
        "opacity" : 1,
        "originalid" : null,
        "parentid" : "iEDNh42Sf",
        "radius" : 0,
        "radiusBottomLeft" : 0,
        "radiusBottomRight" : 0,
        "radiusIsRelative" : false,
        "radiusPerCorner" : false,
        "radiusTopLeft" : 0,
        "radiusTopRight" : 0,
        "right" : null,
        "rotation" : 0,
        "top" : 3420,
        "visible" : true,
        "width" : 150,
        "widthType" : 0
      }
    ],
    "id" : "iEDNh42Sf",
    "name" : null,
    "originalid" : null,
    "parentid" : null,
    "visible" : false
  },
  "version" : 48
}