{
  "root" : {
    "__class" : "RootNode",
    "children" : [
      {
        "__class" : "CodeComponentNode",
        "aspectRatio" : null,
        "bottom" : null,
        "centerAnchorX" : 0.93000000000000005,
        "centerAnchorY" : 0.28499999999999998,
        "children" : [

        ],
        "clip" : true,
        "codeComponentIdentifier" : ".\/Chip.tsx_Chip",
        "codeComponentProps" : {
          "icon" : "star",
          "id" : "",
          "label" : "skdjh",
          "trailingIcon" : "star"
        },
        "codeOverrideEnabled" : false,
        "constraintsLocked" : false,
        "exportOptions" : [

        ],
        "fillColor" : "rgba(255,255,255,1)",
        "fillEnabled" : false,
        "fillGradient" : {
          "__class" : "LinearGradient",
          "alpha" : 1,
          "angle" : 0,
          "end" : "rgba(0,0,0,0)",
          "start" : "black"
        },
        "fillImage" : null,
        "fillImagePixelHeight" : null,
        "fillImagePixelWidth" : null,
        "fillImageResize" : "fill",
        "fillType" : "color",
        "height" : 32,
        "heightType" : 0,
        "id" : "YhcLz7WId",
        "intrinsicHeight" : 48,
        "intrinsicWidth" : 150,
        "left" : -64,
        "locked" : false,
        "name" : null,
        "opacity" : 1,
        "originalid" : null,
        "parentid" : "iEDNh42Sf",
        "radius" : 0,
        "radiusBottomLeft" : 0,
        "radiusBottomRight" : 0,
        "radiusIsRelative" : false,
        "radiusPerCorner" : false,
        "radiusTopLeft" : 0,
        "radiusTopRight" : 0,
        "right" : null,
        "rotation" : 0,
        "top" : -556,
        "visible" : true,
        "width" : 100,
        "widthType" : 0
      },
      {
        "__class" : "CodeComponentNode",
        "aspectRatio" : null,
        "bottom" : null,
        "centerAnchorX" : 0.76309226932668328,
        "centerAnchorY" : 1.105,
        "children" : [

        ],
        "clip" : true,
        "codeComponentIdentifier" : ".\/Elevation.tsx_Elevation",
        "codeComponentProps" : {
          "height" : "200px",
          "transition" : false,
          "wrap" : true,
          "z" : 4
        },
        "codeOverrideEnabled" : false,
        "constraintsLocked" : false,
        "exportOptions" : [

        ],
        "fillColor" : "rgba(255,255,255,1)",
        "fillEnabled" : false,
        "fillGradient" : {
          "__class" : "LinearGradient",
          "alpha" : 1,
          "angle" : 0,
          "end" : "rgba(0,0,0,0)",
          "start" : "black"
        },
        "fillImage" : null,
        "fillImagePixelHeight" : null,
        "fillImagePixelWidth" : null,
        "fillImageResize" : "fill",
        "fillType" : "color",
        "height" : 37,
        "heightType" : 0,
        "id" : "JVJHJoCYr",
        "intrinsicHeight" : 48,
        "intrinsicWidth" : 150,
        "left" : -64,
        "locked" : false,
        "name" : null,
        "opacity" : 1,
        "originalid" : null,
        "parentid" : "iEDNh42Sf",
        "radius" : 0,
        "radiusBottomLeft" : 0,
        "radiusBottomRight" : 0,
        "radiusIsRelative" : false,
        "radiusPerCorner" : false,
        "radiusTopLeft" : 0,
        "radiusTopRight" : 0,
        "right" : null,
        "rotation" : 0,
        "top" : -407,
        "visible" : true,
        "width" : 155,
        "widthType" : 0
      },
      {
        "__class" : "CodeComponentNode",
        "aspectRatio" : null,
        "bottom" : null,
        "centerAnchorX" : 0,
        "centerAnchorY" : 0,
        "children" : [

        ],
        "clip" : true,
        "codeComponentIdentifier" : ".\/Fab.tsx_Fab",
        "codeComponentProps" : {
          "exited" : false,
          "icon" : "star",
          "label" : "",
          "mini" : false,
          "trailingIcon" : ""
        },
        "codeOverrideEnabled" : false,
        "constraintsLocked" : false,
        "exportOptions" : [

        ],
        "fillColor" : "rgba(255,255,255,1)",
        "fillEnabled" : false,
        "fillGradient" : {
          "__class" : "LinearGradient",
          "alpha" : 1,
          "angle" : 0,
          "end" : "rgba(0,0,0,0)",
          "start" : "black"
        },
        "fillImage" : null,
        "fillImagePixelHeight" : null,
        "fillImagePixelWidth" : null,
        "fillImageResize" : "fill",
        "fillType" : "color",
        "height" : 61,
        "heightType" : 0,
        "id" : "yXzElSkEl",
        "intrinsicHeight" : 48,
        "intrinsicWidth" : 150,
        "left" : -59,
        "locked" : false,
        "name" : null,
        "opacity" : 1,
        "originalid" : null,
        "parentid" : "iEDNh42Sf",
        "radius" : 0,
        "radiusBottomLeft" : 0,
        "radiusBottomRight" : 0,
        "radiusIsRelative" : false,
        "radiusPerCorner" : false,
        "radiusTopLeft" : 0,
        "radiusTopRight" : 0,
        "right" : null,
        "rotation" : 0,
        "top" : -279,
        "visible" : true,
        "width" : 62,
        "widthType" : 0
      },
      {
        "__class" : "CodeComponentNode",
        "aspectRatio" : null,
        "bottom" : null,
        "centerAnchorX" : 0,
        "centerAnchorY" : 0,
        "children" : [

        ],
        "clip" : true,
        "codeComponentIdentifier" : ".\/Button.tsx_Button",
        "codeComponentProps" : {
          "disabled" : false,
          "label" : "Button"
        },
        "codeOverrideEnabled" : false,
        "constraintsLocked" : false,
        "exportOptions" : [

        ],
        "fillColor" : "rgba(255,255,255,1)",
        "fillEnabled" : false,
        "fillGradient" : {
          "__class" : "LinearGradient",
          "alpha" : 1,
          "angle" : 0,
          "end" : "rgba(0,0,0,0)",
          "start" : "black"
        },
        "fillImage" : null,
        "fillImagePixelHeight" : null,
        "fillImagePixelWidth" : null,
        "fillImageResize" : "fill",
        "fillType" : "color",
        "height" : 48,
        "heightType" : 0,
        "id" : "zSQAHFGa4",
        "intrinsicHeight" : 48,
        "intrinsicWidth" : 150,
        "left" : -80,
        "locked" : false,
        "name" : null,
        "opacity" : 1,
        "originalid" : null,
        "parentid" : "iEDNh42Sf",
        "radius" : 0,
        "radiusBottomLeft" : 0,
        "radiusBottomRight" : 0,
        "radiusIsRelative" : false,
        "radiusPerCorner" : false,
        "radiusTopLeft" : 0,
        "radiusTopRight" : 0,
        "right" : null,
        "rotation" : 0,
        "top" : -668,
        "visible" : true,
        "width" : 150,
        "widthType" : 0
      },
      {
        "__class" : "CodeComponentNode",
        "aspectRatio" : null,
        "bottom" : null,
        "centerAnchorX" : 0,
        "centerAnchorY" : 0,
        "children" : [

        ],
        "clip" : true,
        "codeComponentIdentifier" : ".\/IconButton.tsx_IconButton",
        "codeComponentProps" : {

        },
        "codeOverrideEnabled" : false,
        "constraintsLocked" : false,
        "exportOptions" : [

        ],
        "fillColor" : "rgba(255,255,255,1)",
        "fillEnabled" : false,
        "fillGradient" : {
          "__class" : "LinearGradient",
          "alpha" : 1,
          "angle" : 0,
          "end" : "rgba(0,0,0,0)",
          "start" : "black"
        },
        "fillImage" : null,
        "fillImagePixelHeight" : null,
        "fillImagePixelWidth" : null,
        "fillImageResize" : "fill",
        "fillType" : "color",
        "height" : 48,
        "heightType" : 0,
        "id" : "DxLTpDtG4",
        "intrinsicHeight" : 48,
        "intrinsicWidth" : 150,
        "left" : -59,
        "locked" : false,
        "name" : null,
        "opacity" : 1,
        "originalid" : null,
        "parentid" : "iEDNh42Sf",
        "radius" : 0,
        "radiusBottomLeft" : 0,
        "radiusBottomRight" : 0,
        "radiusIsRelative" : false,
        "radiusPerCorner" : false,
        "radiusTopLeft" : 0,
        "radiusTopRight" : 0,
        "right" : null,
        "rotation" : 0,
        "top" : -101,
        "visible" : true,
        "width" : 150,
        "widthType" : 0
      }
    ],
    "id" : "iEDNh42Sf",
    "name" : null,
    "originalid" : null,
    "parentid" : null,
    "visible" : false
  },
  "version" : 48
}